{"initial_reset_timestamp": 1513258711.591166, "timestamps": [1513258720.0514545, 1513258783.425199, 1513258846.8316467, 1513258913.858971, 1513258979.0538883, 1513259047.7328613, 1513259118.1578324, 1513259185.5205834, 1513259253.699241, 1513259323.6447186, 1513259392.1799986, 1513259461.6405945, 1513259532.3476186, 1513259604.1554198, 1513259726.4920907, 1513259798.948128, 1513259873.990151, 1513259945.3086872, 1513260022.4092257, 1513260111.844698, 1513260190.99736, 1513260266.1048534, 1513260339.4560082, 1513260412.080702, 1513260489.2719254, 1513260570.7268279, 1513260652.771038, 1513260732.7605588, 1513260814.1007414, 1513260891.9626257, 1513260982.530735, 1513261061.6024365, 1513261142.2919824, 1513261228.1770823, 1513261310.5949845, 1513261392.0378556, 1513261472.4038932, 1513261549.7798142, 1513261630.7625406, 1513261714.4406757, 1513261792.2892416, 1513261869.7028039, 1513261948.8184998, 1513262033.654948, 1513262109.231213, 1513262188.9266706, 1513262269.7947443, 1513262352.7999918, 1513262428.158482, 1513262507.0023928, 1513262585.7513273, 1513262661.0791047, 1513262741.581797, 1513262825.5297792, 1513262901.5208964, 1513262979.7863724, 1513263059.6187928, 1513263139.1965868, 1513263218.721055, 1513263294.850488, 1513263379.5651762, 1513263456.1183586, 1513263536.7501373, 1513263616.9524539, 1513263694.7091517, 1513263772.4428957, 1513263850.9182336, 1513263932.9500303, 1513264010.4434066, 1513264090.9206817, 1513264168.220558, 1513264246.6467245, 1513264324.034132, 1513264403.3019357, 1513264482.3406842, 1513264561.276757, 1513264639.887274, 1513264720.564714, 1513264797.659592, 1513264876.995106, 1513264958.882807, 1513265039.1930406, 1513265114.13882, 1513265193.7825336, 1513265276.730755, 1513265355.323938, 1513265433.3779216, 1513265509.098605, 1513265587.9153466, 1513265663.9409144, 1513265746.7690406, 1513265824.979464, 1513265901.285352, 1513265976.8218586, 1513266051.206528, 1513266125.8691125, 1513266203.7488663, 1513266278.71523, 1513266359.490393, 1513266435.9198406, 1513266516.8560925, 1513266596.5072417, 1513266674.8186405, 1513266751.6284933, 1513266829.12617, 1513266904.5518792, 1513266981.6733367, 1513267060.5235994, 1513267135.2230256, 1513267215.3557918, 1513267292.6768267, 1513267371.6288862, 1513267449.183537, 1513267523.797822, 1513267606.4004896, 1513267684.2009666, 1513267764.0274503, 1513267842.0940042, 1513267919.188702, 1513268002.3950996, 1513268090.9918697, 1513268172.3724, 1513268252.7947612, 1513268332.022802, 1513268411.0646873, 1513268492.0249317, 1513268573.1739562, 1513268653.5559936, 1513268729.9408886, 1513268808.8521507, 1513268886.682522, 1513268963.7259114, 1513269042.6509576, 1513269118.4405966, 1513269196.603204, 1513269276.5200956, 1513269356.536716, 1513269434.534479, 1513269514.1061957, 1513269599.9204662, 1513269677.0158012, 1513269755.1536179, 1513269832.0168064, 1513269912.263313, 1513269993.0837202, 1513270073.024123, 1513270153.714463, 1513270233.768459, 1513270313.8659687, 1513270396.2373593, 1513270477.3633146, 1513270548.107145, 1513270622.155568, 1513270696.155081, 1513270769.2442284, 1513270845.8390086, 1513270920.3062837, 1513270992.0419285, 1513271063.0840852, 1513271137.0440981, 1513271213.359797, 1513271286.7487245, 1513271362.1922293, 1513271433.9768217, 1513271510.1069026, 1513271586.5143063, 1513271660.1101646, 1513271734.724888, 1513271810.3765254], "episode_lengths": [1001, 1023, 1016, 2221, 1571, 2762, 3147, 2220, 2704, 3196, 2974, 3139, 3662, 3973, 4174, 4288, 5099, 3832, 5556, 10000, 6223, 5220, 4429, 4129, 5835, 7221, 7553, 6612, 7271, 6049, 7172, 6352, 7396, 9350, 7826, 7211, 7046, 5928, 7342, 7759, 5842, 5928, 6333, 8353, 5290, 6495, 6895, 7770, 5304, 6388, 6400, 5317, 7039, 8176, 5346, 6255, 6687, 6521, 6440, 5426, 5749, 5588, 7086, 6686, 6024, 5868, 5998, 7347, 5689, 6808, 5769, 5724, 5785, 6260, 6527, 6400, 6198, 6803, 5467, 6204, 7032, 6707, 4751, 6249, 7460, 5953, 5886, 5289, 6656, 5634, 5391, 6308, 5723, 5542, 5024, 5016, 6218, 5317, 6530, 5467, 6462, 6120, 6152, 5498, 5792, 5095, 5680, 6228, 4830, 6459, 5454, 5821, 5309, 4735, 6847, 5465, 6183, 5895, 5534, 7716, 5705, 6650, 6158, 5910, 6135, 6172, 6675, 6125, 4889, 5877, 5804, 5539, 5547, 4805, 5824, 6462, 6668, 5873, 6436, 7830, 5350, 5672, 5103, 5923, 6389, 6127, 6337, 6305, 6226, 7275, 5199, 3775, 4971, 5076, 4709, 5843, 5016, 4343, 3759, 4985, 5728, 4641, 5655, 4175, 5560, 5560, 4688, 4927, 5439], "episode_rewards": [-21.0, -21.0, -21.0, -21.0, -21.0, -13.0, -12.0, -17.0, -8.0, -8.0, -12.0, -9.0, -8.0, -10.0, -9.0, -8.0, -4.0, -11.0, -9.0, -2.0, -10.0, -3.0, 1.0, -6.0, -9.0, -3.0, 5.0, -3.0, 8.0, 3.0, 8.0, 5.0, 13.0, 1.0, -4.0, -2.0, -1.0, 9.0, 6.0, -4.0, 6.0, 8.0, 11.0, 7.0, 11.0, 6.0, 8.0, 3.0, 14.0, 8.0, 14.0, 11.0, 8.0, 3.0, 11.0, 10.0, 4.0, 8.0, 7.0, 13.0, 11.0, 11.0, 8.0, 6.0, 11.0, -2.0, 12.0, 7.0, 10.0, 1.0, 11.0, 13.0, 12.0, 12.0, 11.0, 11.0, 14.0, 12.0, 16.0, 9.0, 7.0, 11.0, 13.0, 10.0, 2.0, 12.0, 11.0, 10.0, 8.0, 12.0, 11.0, 13.0, 12.0, 13.0, 14.0, 13.0, 10.0, 17.0, 8.0, 14.0, 7.0, 7.0, 9.0, 10.0, 14.0, 10.0, 9.0, 11.0, 9.0, 9.0, 13.0, 9.0, 10.0, 11.0, 12.0, 20.0, 13.0, 9.0, 13.0, 6.0, 13.0, 12.0, 15.0, 15.0, 13.0, 10.0, 9.0, 4.0, 12.0, 10.0, 10.0, 11.0, 8.0, 16.0, 6.0, 11.0, 10.0, 12.0, 12.0, 12.0, 13.0, 11.0, 11.0, 12.0, 13.0, 9.0, 10.0, 11.0, 11.0, 10.0, 12.0, 19.0, 13.0, 13.0, 15.0, 7.0, 11.0, 16.0, 17.0, 13.0, 9.0, 13.0, 14.0, 17.0, 14.0, 13.0, 15.0, 14.0, 12.0], "episode_types": ["t", "t", "t", "t", "t", "t", "t", "t", "t", "t", "t", "t", "t", "t", "t", "t", "t", "t", "t", "t", "t", "t", "t", "t", "t", "t", "t", "t", "t", "t", "t", "t", "t", "t", "t", "t", "t", "t", "t", "t", "t", "t", "t", "t", "t", "t", "t", "t", "t", "t", "t", "t", "t", "t", "t", "t", "t", "t", "t", "t", "t", "t", "t", "t", "t", "t", "t", "t", "t", "t", "t", "t", "t", "t", "t", "t", "t", "t", "t", "t", "t", "t", "t", "t", "t", "t", "t", "t", "t", "t", "t", "t", "t", "t", "t", "t", "t", "t", "t", "t", "t", "t", "t", "t", "t", "t", "t", "t", "t", "t", "t", "t", "t", "t", "t", "t", "t", "t", "t", "t", "t", "t", "t", "t", "t", "t", "t", "t", "t", "t", "t", "t", "t", "t", "t", "t", "t", "t", "t", "t", "t", "t", "t", "t", "t", "t", "t", "t", "t", "t", "t", "t", "t", "t", "t", "t", "t", "t", "t", "t", "t", "t", "t", "t", "t", "t", "t", "t", "t", "t"]}